date,fed_rate,cpi,treasury_10y,usd_krw,ind_prod,wti,vix,sox,xli,ewy,smh
1995-01-01,5.53,150.50,7.78,793.08,71.27,18.04,12.27,,,,
1995-02-01,5.92,150.90,7.47,793.19,71.19,18.57,11.47,,,,
1995-03-01,5.98,151.20,7.20,781.81,71.31,18.54,12.17,,,,
1995-04-01,6.05,151.80,7.06,770.61,71.19,19.90,12.44,,,,
1995-05-01,6.01,152.10,6.63,764.43,71.54,19.74,12.27,,,,
1995-06-01,6.00,152.40,6.17,763.88,71.77,18.45,11.90,,,,
1995-07-01,5.85,152.60,6.28,760.05,71.47,17.33,12.51,,,,
1995-08-01,5.74,152.90,6.49,767.42,72.42,18.02,12.80,,,,
1995-09-01,5.80,153.10,6.20,772.04,72.71,18.23,12.06,,,,
1995-10-01,5.76,153.50,6.04,767.20,72.59,17.43,14.36,,,,
1995-11-01,5.80,153.70,5.93,769.78,72.78,17.99,12.47,,,,
1995-12-01,5.60,153.90,5.71,771.30,73.03,19.03,11.75,,,,
1996-01-01,5.56,154.70,5.65,787.13,72.61,18.85,13.47,,,,
1996-02-01,5.22,155.00,5.81,780.11,73.68,19.09,15.03,197.52,,,
1996-03-01,5.31,155.50,6.27,781.31,73.58,21.33,17.76,177.14,,,
1996-04-01,5.22,156.10,6.51,780.42,74.32,23.50,16.58,191.89,,,
1996-05-01,5.24,156.40,6.74,780.86,74.87,21.17,16.15,207.26,,,
1996-06-01,5.27,156.70,6.91,798.45,75.44,20.42,16.40,186.99,,,
1996-07-01,5.40,157.00,6.87,813.03,75.45,21.30,17.98,159.45,,,
1996-08-01,5.22,157.20,6.64,817.52,75.84,21.90,15.76,169.47,,,
1996-09-01,5.30,157.70,6.83,822.40,76.32,23.97,16.58,175.60,,,
1996-10-01,5.24,158.20,6.53,828.24,76.34,24.88,16.38,190.75,,,
1996-11-01,5.31,158.70,6.20,830.56,77.04,23.70,16.00,215.36,,,
1996-12-01,5.29,159.10,6.30,841.92,77.53,25.23,19.26,244.62,,,
1997-01-01,5.25,159.40,6.58,854.07,77.66,25.13,19.47,265.49,,,
1997-02-01,5.19,159.70,6.42,868.39,78.58,22.18,20.14,279.79,,,
1997-03-01,5.39,159.80,6.69,882.62,79.08,20.96,20.17,273.94,,,
1997-04-01,5.51,159.90,6.89,895.57,79.17,19.70,19.66,272.74,,,
1997-05-01,5.50,159.90,6.71,894.67,79.61,20.82,19.92,311.56,,,
1997-06-01,5.56,160.20,6.49,891.40,79.98,19.26,20.19,303.00,,,
1997-07-01,5.52,160.40,6.22,893.09,80.66,19.66,20.53,345.99,,,
1997-08-01,5.54,160.80,6.30,898.71,81.47,19.95,23.08,385.69,,,
1997-09-01,5.54,161.20,6.21,912.50,82.22,19.80,23.81,382.74,,,
1997-10-01,5.50,161.50,6.03,929.42,82.94,21.33,23.87,351.95,,,
1997-11-01,5.52,161.70,5.88,1035.22,83.60,20.19,32.21,301.30,,,
1997-12-01,5.50,161.80,5.81,1496.90,83.95,18.33,26.28,269.52,,,
1998-01-01,5.56,162.00,5.54,1707.30,84.32,16.72,23.87,270.15,,,
1998-02-01,5.51,162.00,5.57,1628.42,84.46,16.06,20.00,309.72,,,
1998-03-01,5.49,162.00,5.65,1489.36,84.49,15.12,20.16,293.82,,,
1998-04-01,5.45,162.20,5.64,1391.55,84.78,15.35,22.03,306.16,,,
1998-05-01,5.49,162.60,5.65,1399.05,85.34,14.91,20.87,295.11,,,
1998-06-01,5.56,162.80,5.50,1397.77,84.82,13.72,21.66,246.71,,,
1998-07-01,5.54,163.20,5.46,1295.76,84.50,14.17,19.93,256.08,,,
1998-08-01,5.55,163.40,5.34,1314.29,86.25,13.47,31.59,246.68,,,
1998-09-01,5.51,163.50,4.81,1375.54,86.20,15.03,38.20,212.87,,,
1998-10-01,5.07,163.90,4.53,1344.14,86.79,14.46,36.61,225.97,,,
1998-11-01,4.83,164.10,4.83,1294.01,86.73,13.00,26.22,292.16,,,
1998-12-01,4.68,164.40,4.65,1213.22,87.12,11.35,25.48,339.41,15.27,,
1999-01-01,4.63,164.70,4.72,1175.11,87.49,12.51,28.04,395.66,15.10,,
1999-02-01,4.76,164.70,5.00,1188.84,88.03,12.01,28.82,393.67,15.24,,
1999-03-01,4.81,164.80,5.23,1229.72,88.23,14.68,25.31,369.37,15.56,,
1999-04-01,4.74,165.90,5.18,1209.96,88.43,17.31,23.48,392.33,17.90,,
1999-05-01,4.74,166.00,5.54,1197.92,88.99,17.72,26.20,395.57,17.55,,
1999-06-01,4.76,166.00,5.90,1168.91,88.92,17.92,23.63,441.44,18.63,,
1999-07-01,4.99,166.70,5.79,1189.10,89.43,20.10,21.05,499.91,17.94,,
1999-08-01,5.07,167.10,5.94,1198.31,89.79,21.28,24.32,507.99,18.09,,
1999-09-01,5.22,167.80,5.92,1201.00,89.43,23.80,24.54,543.03,18.00,,
1999-10-01,5.20,168.10,6.11,1205.29,90.52,22.69,24.02,516.81,17.60,,
1999-11-01,5.42,168.40,6.03,1176.97,90.96,25.00,21.82,625.32,17.21,,
1999-12-01,5.30,168.80,6.28,1136.80,91.66,26.10,22.16,662.07,18.61,,
2000-01-01,5.45,169.30,6.66,1130.99,91.54,27.26,23.20,755.50,17.08,,
2000-02-01,5.73,170.00,6.52,1129.75,91.82,29.37,23.60,950.91,16.14,,
2000-03-01,5.85,171.00,6.26,1116.39,92.15,29.84,22.72,1238.10,18.39,,
2000-04-01,6.02,170.90,5.99,1110.32,92.70,25.72,27.16,1076.37,18.66,,
2000-05-01,6.27,171.20,6.44,1119.49,92.95,28.79,26.37,1000.33,18.58,13.81,
2000-06-01,6.53,172.20,6.10,1117.93,92.99,31.82,21.54,1165.42,17.85,15.07,39.91
2000-07-01,6.54,172.70,6.05,1115.08,92.80,29.70,19.89,1118.01,18.12,13.23,35.93
2000-08-01,6.50,172.70,5.83,1114.47,92.55,31.26,18.09,1051.29,19.92,13.46,41.90
2000-09-01,6.52,173.60,5.80,1117.57,92.98,33.88,19.69,987.15,19.34,11.75,30.19
2000-10-01,6.51,173.90,5.74,1131.10,92.62,33.11,25.20,740.74,19.77,9.82,27.92
2000-11-01,6.51,174.20,5.72,1156.54,92.64,34.42,26.38,662.23,19.10,9.06,20.38
2000-12-01,6.40,174.60,5.24,1216.93,92.34,28.44,26.53,587.80,19.86,8.79,20.80
2001-01-01,5.98,175.60,5.16,1272.63,91.90,29.59,24.92,678.28,19.93,10.84,25.05
2001-02-01,5.49,176.00,5.10,1252.85,91.30,29.61,23.41,636.38,18.74,9.88,17.77
2001-03-01,5.31,176.10,4.89,1291.40,91.12,27.24,28.50,594.19,16.94,8.78,17.62
2001-04-01,4.80,176.40,5.14,1327.76,90.79,27.49,28.13,578.17,18.88,10.05,21.78
2001-05-01,4.21,177.30,5.39,1298.90,90.36,28.63,22.94,640.29,19.67,10.81,19.53
2001-06-01,3.97,177.70,5.28,1295.05,89.88,27.60,20.94,620.66,18.45,10.25,20.46
2001-07-01,3.77,177.40,5.24,1305.24,89.30,26.42,22.32,583.24,18.42,9.40,19.79
2001-08-01,3.65,177.40,4.97,1285.65,89.20,27.37,21.86,589.24,17.78,9.54,18.60
2001-09-01,3.07,178.10,4.73,1293.83,88.75,26.20,35.07,440.85,15.18,7.96,12.55
2001-10-01,2.49,177.60,4.57,1302.36,88.51,22.17,32.72,432.35,15.45,9.27,15.17
2001-11-01,2.09,177.50,4.65,1282.10,87.97,19.63,26.63,516.51,16.99,11.76,18.10
2001-12-01,1.82,177.40,5.09,1292.29,87.93,19.39,23.72,545.11,17.76,12.81,17.77
2002-01-01,1.73,177.70,5.04,1316.34,88.52,19.71,22.25,552.53,16.64,13.88,19.23
2002-02-01,1.74,178.00,4.91,1320.55,88.53,20.72,22.88,537.85,17.06,15.39,17.14
2002-03-01,1.73,178.50,5.28,1322.90,89.17,24.53,18.98,596.30,17.52,16.59,19.76
2002-04-01,1.75,179.30,5.21,1318.09,89.60,26.18,19.90,565.90,16.31,16.30,17.61
2002-05-01,1.75,179.50,5.16,1262.20,89.96,27.04,20.09,506.94,16.38,16.65,16.33
2002-06-01,1.75,179.60,4.93,1219.70,90.71,25.52,25.27,421.64,15.38,15.83,12.89
2002-07-01,1.73,180.00,4.65,1179.99,90.68,26.97,34.05,359.15,14.51,14.64,11.38
2002-08-01,1.74,180.50,4.26,1197.51,90.58,28.39,33.74,321.59,14.28,15.21,10.23
2002-09-01,1.75,180.80,3.87,1211.61,90.65,29.66,37.65,267.54,12.63,12.66,8.17
2002-10-01,1.75,181.20,3.94,1240.19,90.46,28.84,35.24,258.76,13.25,13.62,10.18
2002-11-01,1.34,181.50,4.05,1210.20,90.97,26.35,28.18,329.16,13.95,15.33,12.44
2002-12-01,1.24,181.80,4.03,1206.61,90.47,29.46,28.21,315.87,13.40,13.27,9.40
2003-01-01,1.24,182.60,4.05,1176.45,91.24,32.95,27.42,307.23,12.68,12.75,9.13
2003-02-01,1.26,183.60,3.90,1190.37,91.34,35.83,32.22,278.56,12.48,12.29,9.99
2003-03-01,1.25,183.90,3.81,1237.20,91.10,33.51,30.63,305.62,12.61,10.86,9.80
2003-04-01,1.26,183.20,3.96,1231.10,90.56,28.17,23.99,320.35,13.98,12.49,11.20
2003-05-01,1.26,182.90,3.57,1201.23,90.54,28.11,20.24,351.05,14.36,13.38,12.72
2003-06-01,1.22,183.10,3.33,1194.14,90.65,30.66,20.36,372.90,14.66,14.45,11.99
2003-07-01,1.01,183.70,3.98,1181.16,91.12,30.75,19.16,388.15,15.14,15.69,13.80
2003-08-01,1.03,184.50,4.45,1178.60,90.92,31.57,19.27,410.16,15.73,16.91,15.88
2003-09-01,1.01,185.10,4.27,1165.40,91.51,28.31,19.53,448.95,15.30,15.44,14.61
2003-10-01,1.01,184.90,4.29,1169.34,91.62,30.34,18.02,467.03,16.25,17.49,17.68
2003-11-01,1.00,185.00,4.30,1186.39,92.23,31.11,17.40,515.30,16.57,17.12,18.60
2003-12-01,0.98,185.50,4.27,1192.34,92.26,32.13,16.83,499.10,17.67,18.28,17.62
2004-01-01,1.00,186.30,4.15,1183.35,92.40,34.31,16.10,533.64,17.84,19.40,17.82
2004-02-01,1.01,186.70,4.08,1167.53,92.96,34.68,16.00,509.63,17.71,20.16,17.37
2004-03-01,1.00,187.10,3.83,1166.29,92.59,36.74,17.69,483.87,17.50,20.58,16.77
2004-04-01,1.00,187.40,4.35,1152.86,92.93,36.75,15.70,487.94,17.49,18.87,14.99
2004-05-01,1.00,188.20,4.72,1177.88,93.60,40.27,17.70,460.06,17.92,18.14,16.52
2004-06-01,1.03,188.90,4.73,1159.02,92.87,38.03,15.34,471.90,19.03,17.77,16.06
2004-07-01,1.26,189.10,4.50,1158.70,93.56,40.78,15.50,425.21,18.49,16.10,13.97
2004-08-01,1.43,189.20,4.28,1158.03,93.63,44.90,16.68,384.83,18.51,17.70,12.45
2004-09-01,1.61,189.80,4.13,1148.72,93.75,45.94,14.08,380.51,18.91,18.25,12.84
2004-10-01,1.76,190.80,4.10,1141.57,94.55,53.28,14.97,397.14,19.10,18.64,13.74
2004-11-01,1.93,191.70,4.19,1086.43,94.78,48.47,13.58,423.72,20.30,20.63,13.79
2004-12-01,2.16,191.70,4.23,1050.37,95.54,43.15,12.46,430.28,20.80,21.43,14.17
2005-01-01,2.28,191.60,4.22,1037.98,95.88,46.84,13.44,400.86,20.22,22.69,13.25
2005-02-01,2.50,192.40,4.17,1023.11,96.58,48.15,11.71,425.39,20.45,25.15,14.43
2005-03-01,2.63,193.10,4.50,1007.78,96.45,54.19,13.13,424.85,20.44,23.30,13.81
2005-04-01,2.79,193.70,4.34,1010.07,96.65,52.98,14.46,398.31,19.70,22.59,13.09
2005-05-01,3.00,193.60,4.14,1001.84,96.74,49.83,13.97,409.93,20.32,23.55,14.61
2005-06-01,3.04,193.70,4.00,1012.46,97.18,56.35,11.87,429.40,19.79,23.44,14.30
2005-07-01,3.26,194.90,4.18,1036.56,96.87,59.00,11.05,458.07,20.54,26.37,15.86
2005-08-01,3.50,196.10,4.26,1021.68,97.18,64.99,12.95,468.48,20.06,25.71,15.70
2005-09-01,3.62,198.80,4.20,1029.84,95.30,65.59,12.63,469.56,20.39,28.90,15.68
2005-10-01,3.78,199.10,4.46,1045.88,96.46,62.26,14.94,445.81,20.10,27.29,14.24
2005-11-01,4.00,198.10,4.54,1040.76,97.54,58.32,12.15,464.39,21.27,29.88,15.88
2005-12-01,4.16,198.10,4.47,1022.38,98.05,59.41,11.26,493.06,21.37,32.98,15.56
2006-01-01,4.29,199.30,4.42,981.44,98.20,65.48,12.04,523.66,21.43,35.53,15.84
2006-02-01,4.49,199.40,4.57,969.84,98.24,61.63,12.47,534.98,22.10,34.20,15.72
2006-03-01,4.59,199.70,4.72,974.71,98.46,62.69,11.69,508.90,23.08,34.38,15.42
2006-04-01,4.79,200.70,4.99,952.59,98.76,69.44,11.85,513.91,23.58,36.55,15.99
2006-05-01,4.94,201.30,5.11,940.82,98.79,70.84,14.45,490.76,23.17,33.38,14.45
2006-06-01,4.99,201.80,5.11,954.45,99.10,70.95,16.92,448.36,23.14,33.25,13.97
2006-07-01,5.24,202.90,5.09,950.81,99.05,74.41,15.33,411.69,21.83,33.27,13.38
2006-08-01,5.25,203.80,4.88,960.95,99.48,73.04,13.35,426.43,22.08,33.80,14.47
2006-09-01,5.25,202.80,4.72,952.29,99.32,63.80,12.18,454.39,22.92,34.08,14.56
2006-10-01,5.25,201.90,4.73,952.64,99.20,58.89,11.31,456.14,23.57,34.81,14.44
2006-11-01,5.25,202.00,4.60,935.41,99.16,59.08,10.82,472.50,24.14,36.48,14.67
2006-12-01,5.24,203.10,4.56,924.98,100.17,61.96,10.96,473.85,24.26,36.65,14.29
2007-01-01,5.25,203.44,4.76,936.76,99.83,54.51,11.04,466.13,24.77,35.10,14.36
2007-02-01,5.26,204.23,4.72,936.90,100.78,59.28,11.16,470.82,24.49,36.35,14.62
2007-03-01,5.26,205.29,4.56,942.88,100.95,60.44,15.16,471.12,24.69,37.52,14.18
2007-04-01,5.25,205.90,4.69,930.69,101.63,63.98,12.93,481.68,25.84,39.37,15.54
2007-05-01,5.25,206.75,4.75,927.56,101.73,63.45,13.30,494.46,27.18,43.11,15.59
2007-06-01,5.25,207.23,5.10,927.87,101.79,67.49,14.95,494.38,27.18,44.74,16.16
2007-07-01,5.26,207.60,5.00,918.12,101.67,74.12,17.27,521.31,27.44,48.95,16.04
2007-08-01,5.02,207.67,4.67,934.48,101.86,72.36,25.03,492.67,27.45,47.56,16.09
2007-09-01,4.94,208.55,4.52,928.60,102.09,79.91,22.20,496.54,28.75,50.50,16.26
2007-10-01,4.76,209.19,4.53,914.94,101.80,85.80,19.12,482.73,28.38,55.47,14.70
2007-11-01,4.49,210.83,4.15,918.81,102.34,94.77,25.58,429.08,27.57,49.21,13.72
2007-12-01,4.24,211.44,4.10,931.09,102.38,91.69,21.65,417.02,27.54,48.28,13.78
2008-01-01,3.94,212.17,3.74,942.06,102.24,92.97,25.82,362.00,26.02,42.27,11.95
2008-02-01,2.98,212.69,3.74,944.01,101.84,95.39,25.46,355.64,25.49,42.49,12.12
2008-03-01,2.61,213.45,3.51,981.73,101.53,105.45,27.10,344.70,26.42,41.63,12.19
2008-04-01,2.28,213.94,3.68,986.86,100.88,112.58,21.56,372.21,27.19,44.86,12.98
2008-05-01,1.98,215.21,3.88,1034.13,100.27,125.40,18.30,405.85,27.43,44.33,13.86
2008-06-01,2.00,217.46,4.10,1031.49,100.03,133.88,22.11,391.18,24.13,38.53,12.59
2008-07-01,2.01,219.02,4.01,1015.05,99.68,133.37,24.32,350.05,24.32,37.73,11.85
2008-08-01,2.00,218.69,3.89,1046.11,98.11,116.67,20.70,361.64,24.99,32.66,12.10
2008-09-01,1.81,218.88,3.69,1134.87,93.79,104.11,30.24,321.44,21.97,29.99,10.49
2008-10-01,0.97,217.00,3.81,1329.19,94.72,76.61,61.18,246.62,17.97,21.44,8.81
2008-11-01,0.39,213.15,3.53,1398.70,93.47,57.31,62.67,205.26,16.49,18.06,7.06
2008-12-01,0.16,211.40,2.42,1361.57,90.84,41.12,52.41,203.76,16.87,21.25,7.48
2009-01-01,0.15,211.93,2.52,1354.40,88.57,41.71,44.68,213.24,14.85,20.16,7.18
2009-02-01,0.22,212.71,2.87,1439.58,88.03,39.09,45.57,209.54,12.32,16.57,6.99
2009-03-01,0.18,212.50,2.82,1449.62,86.65,47.94,44.80,216.38,13.41,21.63,7.94
2009-04-01,0.15,212.71,2.93,1332.13,85.93,49.65,38.06,247.81,15.83,26.00,8.69
2009-05-01,0.18,213.02,3.29,1254.35,85.07,59.03,31.98,255.74,16.36,27.44,8.96
2009-06-01,0.21,214.79,3.72,1259.29,84.75,69.64,29.14,268.72,16.08,26.60,9.11
2009-07-01,0.16,214.73,3.56,1259.67,85.70,64.15,26.16,282.16,17.49,31.83,10.59
2009-08-01,0.16,215.44,3.59,1239.00,86.64,71.04,25.34,299.25,18.32,31.79,10.81
2009-09-01,0.15,215.86,3.40,1211.86,87.41,69.41,24.93,319.91,19.39,36.22,10.88
2009-10-01,0.12,216.51,3.39,1173.74,87.64,75.72,24.25,318.46,18.62,32.78,10.27
2009-11-01,0.12,217.23,3.40,1162.84,88.02,77.99,23.79,310.25,20.25,33.93,10.81
2009-12-01,0.12,217.35,3.59,1163.31,88.38,74.47,21.24,343.57,20.59,36.51,11.85
2010-01-01,0.11,217.49,3.73,1138.19,89.34,78.33,20.64,349.10,20.29,34.82,10.51
2010-02-01,0.13,217.28,3.69,1155.66,89.68,76.39,22.54,331.67,21.37,34.91,11.20
2010-03-01,0.16,217.35,3.73,1136.08,90.29,81.20,17.77,358.04,23.22,38.32,11.83
2010-04-01,0.20,217.40,3.85,1115.46,90.60,84.29,17.42,386.36,24.21,39.74,12.31
2010-05-01,0.20,217.29,3.42,1164.84,91.82,73.74,31.93,356.89,22.01,33.72,11.64
2010-06-01,0.18,217.20,3.20,1214.11,91.99,75.34,29.92,353.39,20.49,34.46,11.01
2010-07-01,0.18,217.60,3.01,1203.81,92.34,76.32,25.57,353.34,22.63,37.80,11.63
2010-08-01,0.19,217.92,2.70,1179.52,92.68,76.60,24.75,331.81,21.06,36.83,10.30
2010-09-01,0.19,218.28,2.65,1159.93,92.95,75.24,22.52,332.45,23.49,41.23,11.77
2010-10-01,0.19,219.03,2.54,1121.94,92.69,81.89,20.37,354.89,24.16,41.92,12.53
2010-11-01,0.19,219.59,2.76,1129.62,92.77,84.25,20.10,385.15,24.49,41.60,13.19
2010-12-01,0.18,220.47,3.29,1145.48,93.68,89.15,17.57,411.36,26.32,47.30,13.81
2011-01-01,0.17,221.19,3.39,1118.87,93.48,89.17,17.32,434.89,27.35,47.46,14.61
2011-02-01,0.16,221.90,3.58,1117.44,93.11,88.58,17.43,459.50,27.93,44.88,15.19
2011-03-01,0.14,223.05,3.41,1119.27,94.08,102.86,20.72,435.32,28.55,49.74,14.69
2011-04-01,0.10,224.09,3.46,1083.18,93.77,109.53,16.24,437.60,29.34,53.31,15.58
2011-05-01,0.09,224.81,3.17,1084.36,93.89,100.90,16.91,436.03,28.52,51.02,15.24
2011-06-01,0.09,224.81,3.00,1080.45,94.17,96.26,19.15,404.23,28.37,50.51,14.47
2011-07-01,0.07,225.40,3.00,1057.42,94.64,97.30,19.23,400.61,26.42,51.03,13.61
2011-08-01,0.10,226.11,2.30,1073.89,95.27,86.33,35.03,351.32,24.68,44.06,12.38
2011-09-01,0.08,226.60,1.98,1121.91,95.20,85.52,36.53,359.25,22.38,36.19,12.08
2011-10-01,0.07,226.75,2.15,1150.68,95.86,86.32,32.83,369.52,25.60,43.05,13.48
2011-11-01,0.08,227.17,2.01,1133.48,95.85,97.16,31.94,374.53,25.96,43.56,13.02
2011-12-01,0.07,227.22,1.98,1148.13,96.36,98.56,25.05,364.69,26.03,40.91,12.92
2012-01-01,0.08,227.84,1.97,1140.33,96.93,100.27,20.23,395.91,27.93,44.91,14.23
2012-02-01,0.10,228.33,1.97,1122.69,97.24,102.20,18.42,425.03,28.71,46.87,14.65
2012-03-01,0.13,228.81,2.17,1126.17,96.74,106.16,16.17,428.64,28.99,46.61,15.20
2012-04-01,0.14,229.19,2.05,1135.02,97.44,103.32,17.82,416.13,28.67,46.38,14.69
2012-05-01,0.16,228.71,1.80,1156.69,97.66,94.65,21.00,385.08,26.86,41.20,13.19
2012-06-01,0.16,228.52,1.62,1163.39,97.67,82.30,21.13,371.11,27.77,42.91,13.68
2012-07-01,0.16,228.59,1.53,1142.28,97.87,87.90,17.57,369.33,27.88,43.52,13.69
2012-08-01,0.13,229.92,1.68,1131.75,97.45,94.13,15.69,397.77,28.30,44.07,14.00
2012-09-01,0.14,231.01,1.72,1122.99,97.38,94.51,15.28,394.06,28.62,46.29,13.43
2012-10-01,0.16,231.64,1.75,1105.38,97.72,89.49,16.28,372.81,28.59,45.08,13.20
2012-11-01,0.16,231.25,1.65,1086.95,98.08,86.53,16.70,369.12,29.09,46.69,13.60
2012-12-01,0.16,231.22,1.72,1075.22,98.31,87.86,17.31,382.14,29.91,49.89,14.02
2013-01-01,0.14,231.68,1.91,1066.52,98.33,94.76,13.51,405.52,31.63,46.91,14.88
2013-02-01,0.15,232.94,1.98,1087.31,98.79,95.31,14.07,423.58,32.33,48.58,15.24
2013-03-01,0.14,232.28,1.96,1102.87,99.19,92.94,13.03,432.38,33.10,46.80,15.41
2013-04-01,0.15,231.80,1.76,1120.90,99.11,92.02,13.97,428.07,32.86,46.01,16.07
2013-05-01,0.11,231.89,1.93,1111.49,99.18,94.51,13.49,461.80,34.50,45.39,16.61
2013-06-01,0.09,232.44,2.30,1135.01,99.39,95.77,17.27,466.74,33.97,41.90,16.35
2013-07-01,0.09,232.90,2.58,1125.03,99.08,104.67,13.97,478.87,35.98,43.97,16.73
2013-08-01,0.08,233.46,2.74,1115.94,99.65,106.57,14.21,467.98,35.09,45.07,16.11
2013-09-01,0.08,233.54,2.81,1082.31,100.16,106.29,14.69,487.54,37.15,48.43,17.30
2013-10-01,0.09,233.67,2.62,1065.86,100.08,100.54,15.41,498.59,38.91,50.32,17.86
2013-11-01,0.08,234.10,2.72,1061.56,100.32,93.86,12.92,503.99,40.34,51.21,17.86
2013-12-01,0.09,234.72,2.90,1055.63,100.52,97.63,14.19,518.11,42.04,51.67,18.70
2014-01-01,0.07,235.29,2.86,1067.13,100.16,94.62,14.24,533.13,40.25,47.17,18.14
2014-02-01,0.07,235.55,2.71,1071.31,100.92,100.82,15.47,548.72,41.88,48.80,19.24
2014-03-01,0.08,236.03,2.72,1070.49,101.89,100.80,14.84,574.76,42.28,49.14,20.10
2014-04-01,0.09,236.47,2.71,1042.63,101.99,102.07,14.20,579.09,42.85,49.97,19.69
2014-05-01,0.09,236.92,2.56,1024.79,102.38,102.18,12.48,582.27,43.67,51.64,20.42
2014-06-01,0.10,237.23,2.60,1018.74,102.73,105.79,11.54,624.76,43.88,51.95,21.81
2014-07-01,0.09,237.50,2.54,1021.03,102.96,103.59,12.30,637.18,42.07,52.81,21.49
2014-08-01,0.09,237.46,2.42,1024.55,102.77,96.54,13.49,623.68,43.85,53.05,22.78
2014-09-01,0.09,237.48,2.53,1035.89,103.06,93.21,13.47,644.64,43.34,48.34,22.52
2014-10-01,0.09,237.43,2.30,1060.34,103.08,84.40,18.06,600.69,45.02,46.84,22.66
2014-11-01,0.09,236.98,2.33,1097.87,103.71,75.79,13.41,652.64,46.41,45.44,24.48
2014-12-01,0.12,236.25,2.21,1102.62,103.70,59.29,16.29,686.73,46.40,44.70,24.35
2015-01-01,0.11,234.75,1.88,1088.13,102.89,47.22,19.12,671.19,44.75,44.99,23.51
2015-02-01,0.11,235.34,1.98,1101.46,102.23,50.58,15.90,693.66,47.14,45.78,25.40
2015-03-01,0.11,235.98,2.04,1112.90,101.89,47.82,14.81,710.62,45.94,46.28,24.65
2015-04-01,0.12,236.22,1.94,1084.67,101.34,54.45,13.49,699.47,45.83,49.46,24.73
2015-05-01,0.12,237.00,2.20,1092.64,100.89,59.27,13.34,711.40,45.98,46.73,26.66
2015-06-01,0.13,237.66,2.36,1112.88,100.57,59.82,14.34,717.32,44.76,44.56,24.33
2015-07-01,0.13,238.03,2.32,1146.55,101.22,50.90,14.35,660.21,44.89,41.38,23.25
2015-08-01,0.14,238.03,2.17,1178.14,101.04,42.87,19.43,618.84,42.46,38.68,22.09
2015-09-01,0.14,237.50,2.17,1184.33,100.75,45.48,24.38,605.05,41.53,39.44,22.24
2015-10-01,0.12,237.73,2.07,1143.20,100.27,46.22,16.79,645.22,45.17,43.97,24.17
2015-11-01,0.12,238.02,2.26,1153.47,99.53,42.44,16.21,663.26,45.56,42.70,24.88
2015-12-01,0.24,237.76,2.24,1169.95,99.04,37.19,18.03,672.10,44.39,41.13,24.27
2016-01-01,0.34,237.65,2.09,1203.32,99.56,31.68,23.72,602.11,41.86,39.53,22.65
2016-02-01,0.38,237.34,1.78,1216.23,99.04,30.32,22.52,597.23,43.65,38.57,22.97
2016-03-01,0.36,238.08,1.89,1181.57,98.31,37.55,15.85,659.65,46.69,43.73,25.09
2016-04-01,0.37,238.99,1.81,1145.80,98.64,40.76,14.30,671.48,47.27,43.26,23.90
2016-05-01,0.37,239.56,1.81,1173.79,98.42,46.71,14.85,655.33,47.07,41.20,25.92
2016-06-01,0.38,240.22,1.64,1165.20,98.88,48.76,17.77,694.92,47.41,43.11,25.97
2016-07-01,0.39,240.10,1.50,1140.87,99.00,44.65,13.16,726.62,49.12,46.08,28.92
2016-08-01,0.40,240.54,1.56,1110.02,98.85,44.72,12.40,784.51,49.59,46.66,30.16
2016-09-01,0.40,241.18,1.63,1108.36,98.75,45.18,14.22,802.02,49.68,48.13,31.64
2016-10-01,0.40,241.74,1.76,1128.17,98.76,49.78,14.59,821.58,48.69,45.83,31.10
2016-11-01,0.41,242.03,2.14,1162.71,98.35,45.66,15.24,849.26,53.11,44.10,32.37
2016-12-01,0.54,242.64,2.49,1183.07,99.02,51.97,12.47,898.11,53.27,44.59,32.89
2017-01-01,0.65,243.62,2.43,1179.11,98.76,52.50,11.61,927.71,54.27,48.50,34.18
2017-02-01,0.66,244.01,2.42,1140.49,98.36,53.47,11.53,970.88,56.39,49.07,35.08
2017-03-01,0.79,243.89,2.48,1133.86,99.01,49.33,11.90,995.20,55.96,51.84,36.60
2017-04-01,0.90,244.19,2.30,1134.18,100.02,51.06,13.14,993.72,57.06,52.04,36.60
2017-05-01,0.91,244.00,2.30,1125.14,100.14,48.48,10.86,1047.21,58.07,56.74,39.48
2017-06-01,1.04,244.16,2.19,1130.85,100.35,45.18,10.51,1083.87,58.86,56.82,37.59
2017-07-01,1.15,244.24,2.32,1131.75,100.11,46.63,10.26,1086.03,59.03,58.40,39.41
2017-08-01,1.16,245.18,2.21,1130.27,99.69,48.04,11.98,1085.06,59.16,57.37,40.67
2017-09-01,1.15,246.44,2.20,1131.60,99.80,49.82,10.44,1133.45,61.64,57.87,42.85
2017-10-01,1.15,246.63,2.36,1130.88,101.02,51.58,10.13,1221.09,62.10,62.64,46.66
2017-11-01,1.16,247.28,2.35,1099.79,101.27,56.64,10.54,1306.79,64.68,62.97,46.03
2017-12-01,1.30,247.81,2.40,1082.90,101.46,57.88,10.26,1252.48,66.05,64.65,45.55
2018-01-01,1.41,248.86,2.58,1065.64,101.46,63.70,11.06,1343.78,69.59,67.51,49.60
2018-02-01,1.42,249.53,2.86,1078.47,101.71,62.23,22.46,1312.66,66.90,62.20,49.62
2018-03-01,1.51,249.58,2.84,1069.94,102.21,62.72,19.02,1385.02,65.11,65.10,48.56
2018-04-01,1.69,250.23,2.87,1068.05,103.33,66.25,18.27,1292.49,63.29,65.23,45.25
2018-05-01,1.70,250.79,2.98,1076.66,102.40,69.98,14.12,1344.65,65.24,62.24,49.92
2018-06-01,1.82,251.02,2.91,1094.36,103.20,67.87,13.68,1388.55,63.03,58.42,47.81
2018-07-01,1.91,251.21,2.89,1122.20,103.36,70.98,13.15,1351.72,67.68,58.03,49.31
2018-08-01,1.91,251.66,2.89,1120.43,104.03,68.06,12.55,1370.56,67.84,58.08,50.73
2018-09-01,1.95,252.18,3.00,1119.82,104.10,70.23,12.91,1371.77,69.32,58.90,49.57
2018-10-01,2.19,252.77,3.15,1131.62,103.99,70.75,19.35,1253.94,61.78,50.28,43.53
2018-11-01,2.20,252.59,3.12,1125.35,104.07,56.96,19.39,1215.55,64.13,52.30,45.06
2018-12-01,2.27,252.77,2.83,1122.42,104.09,49.52,24.95,1163.07,57.30,51.48,41.43
2019-01-01,2.40,252.56,2.71,1120.33,103.40,51.38,19.57,1204.42,63.85,56.61,45.85
2019-02-01,2.40,253.32,2.68,1121.83,102.84,54.95,15.23,1335.24,67.91,55.08,49.05
2019-03-01,2.41,254.28,2.57,1131.60,102.88,58.15,14.49,1372.49,67.13,53.31,50.47
2019-04-01,2.42,255.23,2.53,1142.17,102.27,63.86,12.95,1510.94,69.80,53.77,55.18
2019-05-01,2.39,255.30,2.40,1182.95,102.39,60.83,16.72,1419.56,64.46,48.60,46.63
2019-06-01,2.38,255.21,2.07,1173.78,102.44,54.66,15.84,1392.85,69.57,52.36,52.30
2019-07-01,2.40,255.80,2.06,1177.23,101.94,57.36,13.31,1523.28,69.93,48.45,55.58
2019-08-01,2.13,256.04,1.63,1210.38,102.64,54.81,18.98,1473.86,68.08,46.58,54.31
2019-09-01,2.04,256.43,1.70,1194.11,102.29,56.95,15.56,1572.81,70.13,49.28,56.55
2019-10-01,1.83,257.15,1.71,1183.45,101.43,53.96,15.47,1595.03,70.92,51.54,60.51
2019-11-01,1.55,257.88,1.81,1167.30,101.94,57.05,12.52,1722.98,74.11,51.14,63.09
2019-12-01,1.55,258.63,1.86,1174.71,101.70,59.82,13.76,1788.07,73.96,55.58,68.13
2020-01-01,1.55,259.13,1.76,1167.46,101.03,57.52,13.94,1880.75,73.64,51.52,66.28
2020-02-01,1.58,259.25,1.50,1195.34,101.37,50.54,19.63,1867.60,66.35,49.12,63.58
2020-03-01,0.65,258.08,0.87,1218.19,97.41,29.21,57.74,1521.97,53.99,41.93,56.44
2020-04-01,0.05,256.03,0.66,1223.13,84.56,16.55,41.45,1638.19,58.75,46.13,64.43
2020-05-01,0.05,255.80,0.67,1228.13,85.96,28.56,30.90,1757.59,61.91,47.87,67.95
2020-06-01,0.08,257.04,0.73,1206.95,91.59,38.31,31.12,1953.17,63.13,51.06,73.62
2020-07-01,0.09,258.35,0.62,1198.62,95.03,40.71,26.84,2067.90,65.92,53.86,80.08
2020-08-01,0.10,259.32,0.65,1186.86,95.95,42.34,22.89,2210.62,71.51,56.37,84.49
2020-09-01,0.09,260.00,0.68,1176.86,95.97,39.63,27.65,2196.98,71.02,58.40,83.93
2020-10-01,0.09,260.32,0.79,1143.77,96.74,39.40,29.44,2340.73,69.99,58.00,84.29
2020-11-01,0.09,260.91,0.87,1116.10,97.08,40.94,25.00,2512.98,81.21,68.30,100.50
2020-12-01,0.09,262.05,0.93,1093.79,98.36,47.02,22.37,2753.85,82.03,77.50,105.96
2021-01-01,0.09,262.69,1.08,1098.24,98.88,52.01,24.91,2974.39,78.53,79.34,109.94
2021-02-01,0.08,263.58,1.26,1111.81,95.61,59.05,23.14,3098.23,83.94,79.23,116.89
2021-03-01,0.07,264.96,1.61,1130.25,98.39,62.33,21.84,3000.80,91.48,80.79,118.15
2021-04-01,0.07,266.61,1.64,1117.86,98.56,61.72,17.42,3224.71,94.71,81.56,117.89
2021-05-01,0.06,268.38,1.62,1123.66,99.43,65.17,19.76,3036.11,97.68,82.88,120.89
2021-06-01,0.08,270.65,1.52,1122.61,99.80,71.38,16.96,3217.56,95.45,83.92,127.22
2021-07-01,0.10,271.90,1.32,1146.39,100.25,72.49,17.60,3265.51,96.35,79.93,127.66
2021-08-01,0.09,272.68,1.28,1160.99,100.04,67.73,17.47,3355.31,97.42,78.07,131.39
2021-09-01,0.08,273.91,1.37,1172.82,98.86,71.65,19.82,3399.77,91.50,72.64,124.32
2021-10-01,0.08,276.55,1.58,1181.89,100.19,81.48,17.87,3311.35,97.72,71.59,132.75
2021-11-01,0.08,278.92,1.56,1184.06,100.87,79.15,18.50,3777.26,94.24,68.20,147.92
2021-12-01,0.08,280.85,1.47,1183.89,100.57,71.71,21.35,3881.25,99.32,71.62,150.61
2022-01-01,0.08,282.54,1.76,1196.03,100.19,83.22,23.18,3672.67,94.56,66.58,134.32
2022-02-01,0.08,284.50,1.93,1199.12,100.81,91.64,25.75,3459.93,93.77,66.60,130.79
2022-03-01,0.20,287.67,2.13,1220.84,101.39,108.50,26.97,3346.76,96.99,65.51,131.58
2022-04-01,0.33,288.56,2.75,1235.15,101.44,101.78,24.37,3103.74,89.60,61.29,112.10
2022-05-01,0.77,291.30,2.90,1268.81,101.33,109.55,29.31,2954.37,89.19,62.58,119.29
2022-06-01,1.21,294.96,3.14,1277.41,101.02,114.84,28.23,2787.91,82.62,53.52,99.37
2022-07-01,1.68,294.91,2.90,1308.03,101.22,101.62,25.00,2710.28,90.47,55.69,115.67
2022-08-01,2.33,295.10,2.90,1319.41,101.10,93.67,22.17,2939.39,87.91,53.26,104.65
2022-09-01,2.56,296.35,3.52,1396.37,101.29,84.26,27.34,2529.72,78.74,43.56,90.29
2022-10-01,3.08,298.01,3.98,1426.06,101.25,87.55,30.01,2331.06,89.68,47.65,92.29
2022-11-01,3.78,298.79,3.89,1361.79,100.96,84.37,23.30,2621.32,96.68,55.83,111.07
2022-12-01,4.10,298.83,3.62,1293.56,99.77,76.44,21.78,2652.84,93.79,52.58,100.11
2023-01-01,4.33,300.42,3.53,1243.07,100.50,78.12,20.17,2777.44,97.27,59.08,116.96
2023-02-01,4.57,301.45,3.75,1275.42,100.64,76.83,20.12,3030.68,96.43,54.46,118.09
2023-03-01,4.65,301.82,3.66,1306.02,101.02,73.28,21.64,3057.29,97.02,56.99,129.83
2023-04-01,4.83,302.85,3.46,1322.06,101.25,79.45,17.82,3050.89,95.89,56.48,121.96
2023-05-01,5.06,303.33,3.57,1327.48,100.93,71.58,17.64,3132.66,92.87,58.44,142.39
2023-06-01,5.08,304.01,3.75,1297.25,100.12,70.25,14.00,3582.48,103.32,59.00,150.20
2023-07-01,5.12,304.61,3.90,1282.28,100.91,76.07,13.93,3726.40,106.31,62.90,158.46
2023-08-01,5.33,306.08,4.17,1321.76,100.84,81.39,15.85,3601.14,104.20,58.13,154.12
2023-09-01,5.33,307.28,4.38,1334.24,101.02,89.43,15.17,3494.54,98.00,54.87,143.03
2023-10-01,5.33,307.70,4.80,1351.51,100.47,85.64,18.89,3381.40,95.08,51.15,137.08
2023-11-01,5.33,308.15,4.50,1308.15,100.86,77.68,14.02,3616.26,103.48,58.68,158.32
2023-12-01,5.33,308.74,4.02,1304.39,100.60,71.90,12.72,3980.21,110.80,62.59,173.56
2024-01-01,5.33,309.70,4.06,1325.91,99.22,74.15,13.39,4187.13,109.73,56.81,184.48
2024-02-01,5.33,310.97,4.21,1331.33,100.28,77.25,13.98,4515.53,117.61,61.24,210.36
2024-03-01,5.33,312.35,4.21,1331.68,100.46,81.28,13.79,4890.96,122.81,64.10,223.30
2024-04-01,5.33,313.02,4.54,1367.86,100.24,85.35,16.14,4700.34,118.48,60.22,212.48
2024-05-01,5.33,313.18,4.48,1364.72,100.86,80.02,13.06,4956.26,120.42,59.39,238.68
2024-06-01,5.33,313.04,4.31,1379.05,100.89,79.77,12.67,5444.27,119.23,63.13,258.74
2024-07-01,5.33,313.57,4.25,1382.05,99.98,81.80,14.37,5465.22,125.09,63.57,245.14
2024-08-01,5.33,314.06,3.87,1351.44,100.43,76.68,19.31,4951.28,128.61,62.57,241.63
2024-09-01,5.13,314.73,3.72,1330.70,99.81,70.24,17.66,4929.77,132.94,61.09,243.61
2024-10-01,4.83,315.63,4.10,1362.37,99.47,71.98,19.96,5198.67,131.35,57.23,239.87
2024-11-01,4.64,316.53,4.36,1395.02,99.29,69.95,16.02,5014.45,141.33,54.86,240.31
2024-12-01,4.48,317.60,4.39,1440.00,100.33,70.12,15.87,5058.39,129.97,49.77,241.42
2025-01-01,4.33,318.96,4.63,1452.19,100.06,75.74,16.76,5147.94,136.47,52.78,242.86
2025-02-01,4.33,319.68,4.45,1444.79,101.10,71.53,16.97,5053.01,134.48,53.47,232.05
2025-03-01,4.33,319.79,4.28,1458.35,101.04,68.24,21.84,4532.96,129.69,52.85,210.81
2025-04-01,4.33,320.30,4.28,1439.78,101.13,63.54,31.97,3993.90,129.84,54.96,210.62
2025-05-01,4.33,320.62,4.42,1391.44,100.97,62.17,20.46,4690.77,141.32,59.30,239.01
2025-06-01,4.33,321.44,4.38,1364.68,101.48,68.17,18.40,5230.93,146.41,70.20,278.01
2025-07-01,4.33,322.17,4.39,1379.30,101.89,68.39,16.38,5669.49,150.87,71.21,287.88
2025-08-01,4.33,323.29,4.26,1389.00,101.59,64.86,15.75,5712.58,150.87,70.65,289.39
2025-09-01,4.22,324.25,4.12,1392.91,101.78,63.96,15.79,6053.90,153.70,78.34,325.35
2025-10-01,4.09,,4.06,1423.08,101.52,60.89,18.09,6835.98,154.53,94.87,361.89
2025-11-01,3.88,325.06,4.09,1459.88,101.95,60.06,19.77,6856.98,153.17,88.87,351.19
2025-12-01,3.72,326.03,4.14,1465.36,102.33,57.97,15.55,7153.18,155.12,97.22,360.13
2026-01-01,3.64,326.59,4.21,1455.50,,60.04,16.18,7826.14,165.44,122.41,403.46
2026-02-01,,,,1456.97,,63.33,18.46,8016.74,174.17,133.97,407.72
